id,nome,grupo,subgrupo,padrao_movimento,equipamento,variacao
6e06bce6-1909-4f5d-902b-ea3c80695aec,Abdutora,Abdutores da Coxa / Glúteo,Glúteo médio · glúteo mínimo · tensor da fáscia lata,abducao_quadril,maquina,sentado
af3d0704-18ad-4328-9453-bc36d58fee3b,Abdução de Quadril na Polia,Abdutores da Coxa / Glúteo,Glúteo médio · glúteo mínimo,abducao_quadril,polia,em pé
17e52ced-abc2-41a1-8776-c6162309e306,Abdominais na Máquina,Abdômen,Reto abdominal · oblíquos,abdominal_supra,maquina,sentado
fb7b3cf3-b689-4905-b9bf-c40c016f493d,Abdominal Bicicleta,Abdômen,Reto abdominal · oblíquos externo e interno,abdominal_obliquo,peso_corporal,bicicleta
59c92f5d-312e-422c-b9fb-e6e60ef05997,Abdominal Oblíquo com Pé no Banco,Abdômen,Oblíquos externo e interno · reto abdominal,abdominal_obliquo,peso_corporal,pés no banco
821c3148-1817-40a2-9598-86388a81f577,Abdominal Supra no Solo,Abdômen,Reto abdominal (porção superior),abdominal_supra,peso_corporal,no solo
22a7129c-1967-4369-a32f-01f6f83b1259,Elevação de Pernas,Abdômen,Reto abdominal (porção inferior) · flexores do quadril,abdominal_infra,peso_corporal,deitado
a7f62fd1-842d-4ae0-83ee-c62e902efb7b,Adutora,Adutores da Coxa,Adutores (longo · curto · magno),aducao_quadril,maquina,sentado
333ca7e7-cd4d-4a5f-893a-03b6c649f5b8,Rosca Alternada na Máquina,Bíceps,Bíceps braquial (cabeça curta) · braquial,rosca_direta,maquina,alternada
0eed6ebd-c8bf-4e47-b1af-d59d52f8eaf9,Rosca Alternada no Banco Inclinado,Bíceps,Bíceps braquial (cabeça longa),rosca_direta,halteres,alternada no banco inclinado
61bcf40c-6a82-423b-99e5-0adc11190b67,Rosca Concentrada,Bíceps,Bíceps braquial (pico) · braquial,rosca_scott,halteres,"concentrada, sentado"
4f141bfc-a902-406b-bc41-98076648c4ae,Rosca Direta com Barra,Bíceps,Bíceps braquial (cabeças curta e longa),rosca_direta,barra,em pé
bba4b446-ca22-4560-a24b-5fa53b8b310f,Rosca Scott com Halteres,Bíceps,Bíceps braquial (cabeça curta) · braquial,rosca_scott,halteres,banco Scott
9ff64ebf-6c63-4151-a8f7-0b2380a094cf,Rosca Scott na máquina,Bíceps,Bíceps braquial (cabeça curta) · braquial,rosca_scott,maquina,banco Scott
97bf2aa2-77b4-429e-9c9d-d5e3547b5b14,Rosca Martelo com Halteres,Bíceps / Braquial,Braquial · braquiorradial · bíceps,rosca_martelo,halteres,pegada neutra
cc614132-6b3e-4629-9995-e19dd6537ab1,Rosca Martelo na Polia,Bíceps / Braquial,Braquial · braquiorradial · bíceps,rosca_martelo,polia,pegada neutra
c2c93530-bb75-4501-b827-b70e387e8912,Rosca Punho com Halter Apoiado,Bíceps / Braquial,Flexores do antebraço,rosca_punho,halteres,antebraço apoiado
4a151e92-a1f1-473d-a6df-51235d68d77c,Corrida,Corrida,Cardiorrespiratório · membros inferiores,cardio,cardio,corrida
d15af9c4-3439-462f-a95b-4139e6627a82,Puxada Alta na Polia,Costas,Latíssimo do dorso · trapézio inferior · bíceps,puxada_vertical,polia,pegada aberta
b7a120f0-5efb-474a-bdaf-d13acfaceef8,Remada Fechada na Máquina,Costas,Latíssimo do dorso · romboides · bíceps,remada,maquina,pegada fechada
e9241c10-9aaf-4ea5-badf-2b42ad3e4ffc,Crucifixo Invertido Sentado,Deltóide,Deltoide posterior · trapézio médio · romboides,crucifixo_invertido,maquina,sentado
abfb812d-809c-49d5-b6c3-dfe7cd252f09,Desenvolvimento com Halteres,Deltóide,Deltoide anterior/lateral · tríceps,desenvolvimento,halteres,sentado
a7ff4aaf-94c0-4a15-9e9a-33dd4de78538,Desenvolvimento na Máquina,Deltóide,Deltoide anterior/lateral · tríceps,desenvolvimento,maquina,sentado
76a9b295-0c39-4c2e-98d1-4b87f7caa66d,Elevação Frontal com Halteres,Deltóide,Deltoide anterior,elevacao_frontal,halteres,em pé
0cf2c040-e048-40d1-a932-5b78aa1f7a4e,Elevação Frontal na Polia,Deltóide,Deltoide anterior,elevacao_frontal,polia,em pé
ee4b34f0-1d15-4282-9b85-ee0dd019a2de,Elevação Lateral com Halteres,Deltóide Lateral,Deltoide lateral (médio),elevacao_lateral,halteres,em pé
d825eb63-5885-444e-a0eb-0dbba9bb6c25,Elevação Lateral na Máquina,Deltóide Lateral,Deltoide lateral (médio),elevacao_lateral,maquina,sentado
4270d1f6-1b90-416e-84cb-b058ee869780,Elevação Lateral na Polia,Deltóide Lateral,Deltoide lateral (médio),elevacao_lateral,polia,unilateral
6f78e74c-c4db-400e-8e26-47d06638a770,Crucifixo Invertido,Deltóide Posterior,Deltoide posterior · trapézio médio · romboides,crucifixo_invertido,halteres,tronco inclinado
3bdc8fa0-2546-468b-a70c-81138c884c24,Face Pull na Polia,Deltóide Posterior,Deltoide posterior · trapézio médio · rotadores externos,crucifixo_invertido,polia,corda na altura do rosto
d6796429-e3ab-4644-97a4-4d8c9a59ca11,Remada Baixa na Máquina,Dorsal,Latíssimo do dorso (porção inferior) · romboides · trapézio inferior · bíceps,remada,maquina,remada baixa
aac834e8-ae82-4d43-a48e-f9e8fbdd1cf2,Barra Fixa,Dorsal / Bíceps,Latíssimo do dorso · bíceps · trapézio inferior,puxada_vertical,peso_corporal,pegada pronada
a4e3d8c8-48be-4446-b9c8-c78ba0a74fa6,Puxada Aberta Frontal,Dorsal / Bíceps,Latíssimo do dorso · redondo maior · trapézio inferior,puxada_vertical,polia,pegada aberta
1ad63bb7-2a99-40a0-a5e4-78b2749d780e,Puxada Fechada Frontal,Dorsal / Bíceps,Latíssimo do dorso · bíceps · redondo maior,puxada_vertical,polia,pegada fechada
ca81c43e-1360-44a6-a8d4-784ed0dd6fa0,Puxada Fechada Supinada,Dorsal / Bíceps,Latíssimo do dorso · bíceps braquial,puxada_vertical,polia,pegada supinada
89e42973-497e-4434-b95e-24f5533acf90,High Row,Dorsal / Rombóide,Latíssimo (fibras superiores) · trapézio médio · deltoide posterior,remada,maquina,de cima para baixo
640a64bd-0491-4501-9e91-f99c725057a0,Pulldown com Braços Estendidos,Dorsal / Rombóide,Latíssimo do dorso (isolado) · redondo maior,pulldown,polia,em pé
37da252b-86db-4cf8-ad90-735a0c23c75e,Remada Aberta na Máquina,Dorsal / Rombóide,Trapézio médio · romboides · deltoide posterior · latíssimo,remada,maquina,pegada aberta
7fc0ec10-492e-4753-a7de-02a4acbfd57e,Remada Curvada com Barra,Dorsal / Rombóide,Latíssimo · trapézio · romboides · eretores (estabilização),remada,barra,tronco inclinado
232c2ac4-7fd8-4145-8dba-76cf121dcb87,Remada Unilateral com Halter,Dorsal / Rombóide,Latíssimo do dorso · romboides · bíceps,remada,halteres,"unilateral, apoiado no banco"
59b8f69d-3b31-45e2-ae12-f12369b45dfb,Remada na Polia Sentado,Dorsal / Rombóide,Latíssimo do dorso · romboides · trapézio médio,remada,polia,sentado
3ff85379-f225-4fc0-964e-22a688904490,Remada Cavalinho na Máquina,Dorsal / Trapézio,Latíssimo · trapézio médio/inferior · romboides,remada,maquina,cavalinho
5be8bb3e-992c-47be-adc2-cee8328cb48f,Coice na Polia Baixa,Glúteo,Glúteo máximo (extensão de quadril isolada),coice_gluteo,polia,polia baixa
8fa6d8ea-d37a-492a-82fc-30da35333b15,Elevação Pélvica,Glúteo,Glúteo máximo · isquiotibiais,elevacao_pelvica,barra,costas no banco
ebaa51d6-b407-40ad-9909-ee07cfb85448,Flexora Deitado,Isquiotibiais,Isquiotibiais · gastrocnêmio (assistência),flexao_joelho,maquina,deitado
3e848d7d-77d6-47b3-a200-9d49d4e271b0,Flexora de Perna Sentado,Isquiotibiais,Isquiotibiais (semitendíneo · semimembranáceo · bíceps femoral),flexao_joelho,maquina,sentado
19810e64-96fd-4d5e-a76d-3b2e35e6a35d,Flexão Nórdica,Isquiotibiais,Isquiotibiais (excêntrico) · bíceps femoral,flexao_joelho,peso_corporal,"nórdica, de joelhos"
97550668-6b59-4f4b-a5ac-d56b0452880b,Hiperextensão Lombar,Lombar,Eretores da espinha · glúteo máximo · isquiotibiais,extensao_lombar,peso_corporal,no banco
b57159b0-8167-4ddb-9986-2a0857d75ebf,Desenvolvimento Arnold,Ombro,Deltoide anterior · lateral · tríceps,desenvolvimento,halteres,"Arnold, com rotação"
a3df3ffc-425b-49c5-b99f-f2980cd79e21,Panturrilha em Pé na Máquina,Panturrilha,Gastrocnêmio · sóleo,panturrilha,maquina,em pé
919d1ad4-42d6-4407-89b9-2f7007a3e1ba,Panturrilha na Máquina,Panturrilha,Gastrocnêmio · sóleo,panturrilha,maquina,sentado
d7498204-0046-44b1-9f85-caad94cf4334,Panturrilha no Step,Panturrilha,Gastrocnêmio · sóleo,panturrilha,peso_corporal,no step
049e0404-02e8-4064-9bc4-e2a99a856e7e,Cross-over na Polia,Peitoral,Peitoral inferior/médio (esternal) — adução horizontal,crucifixo,polia,em pé
91fb0a6d-dfe2-4edd-bab7-aecf79311927,Crucifixo com Halteres,Peitoral,Peitoral médio (esternal) — adução horizontal,crucifixo,halteres,banco reto
aa61d549-d952-4ee9-94ac-2f76ed29b063,Crucifixo na Máquina,Peitoral,Peitoral médio (esternal) — adução horizontal isolada,crucifixo,maquina,"voador, sentado"
0fab29a1-94b3-4763-bece-b00fe613a640,Flexão de Braço,Peitoral,Peitoral médio · tríceps · core (estabilização),supino_reto,peso_corporal,no solo
fefee8d3-50d8-4a90-b481-52eceab67dfb,Supino Declinado na Máquina,Peitoral,Peitoral inferior (fibras esternais/costais) · tríceps,supino_declinado,maquina,banco declinado
f09b4daa-fcfd-4baa-9696-0d9571457ee9,Supino Inclinado,Peitoral,Peitoral superior (porção clavicular) · deltoide anterior,supino_inclinado,barra,banco inclinado
23d01e92-0780-4bbf-9451-0c04d63600cf,Supino Reto com Barra,Peitoral,Peitoral médio (esternal) · tríceps · deltoide anterior,supino_reto,barra,banco reto
bb673b75-dfee-407c-af40-7166908ff2b9,Supino Reto com Halteres,Peitoral,Peitoral médio (esternal) · tríceps · deltoide anterior,supino_reto,halteres,banco reto
1b1a1328-542e-4925-b038-15751ed254f7,Supino Reto na Máquina Deitado,Peitoral,Peitoral médio (porção esternal) · tríceps · deltoide anterior,supino_reto,maquina,deitado
e6edd5b3-bd3a-48fa-9e4e-a3b387962bc2,Supino Reto na Máquina Sentado,Peitoral,Peitoral médio (esternal) · tríceps · deltoide anterior,supino_reto,maquina,sentado
578f2cf4-630b-410c-ab50-8cc8975d3248,Flexora em Pé,Posterior de Coxa,Isquiotibiais (unilateral),flexao_joelho,maquina,"em pé, unilateral"
d716cf5f-1989-4364-887b-010ceffd4826,Levantamento Terra,Posterior de Coxa,Glúteo máximo · isquiotibiais · eretores · quadríceps,terra_stiff,barra,do chão
79c9f663-691b-4c17-9a75-2e47599167e4,Levantamento Terra Romeno (Stiff),Posterior de Coxa,Isquiotibiais (porção proximal) · glúteo máximo · eretores,terra_stiff,barra,romeno (stiff)
58dccb5e-4411-468c-ab53-fdbb1cbf97fa,Afundo com Halteres,Quadríceps,Quadríceps · glúteo máximo · isquiotibiais,afundo,halteres,passada
f06e45bc-a6c7-4939-92d1-3d6fafa4a534,Agachamento Livre,Quadríceps,Quadríceps · glúteo máximo · adutores · eretores,agachamento,barra,barra nas costas
f7742b0d-2365-40c8-8ae8-b49d375ed6f8,Agachamento no Hack,Quadríceps,Quadríceps (vastos) · glúteo,agachamento,maquina,hack
e55a6426-e367-40e1-a127-3c3dc30090ec,Extensora,Quadríceps,Quadríceps (reto femoral e vastos),extensao_joelho,maquina,sentado
cbf903f0-b43d-4ee7-8be1-f2eee6eb71a2,Agachamento Búlgaro,Quadríceps / Glúteo,Quadríceps · glúteo máximo (unilateral),afundo,halteres,"búlgaro, pé de trás no banco"
5143c9ed-f192-4a84-a2b0-9ce146ac8d9c,Agachamento Sumô,Quadríceps / Glúteo,Adutores · glúteo máximo · quadríceps,agachamento,halteres,"sumô, pés afastados"
d06298a4-bcc3-43f3-a681-765b58315ea4,Agachamento na Máquina,Quadríceps / Glúteo,Quadríceps · glúteo máximo,agachamento,smith,no Smith
3274a384-ff2e-4ebf-8350-aea78367ee71,Leg Press,Quadríceps / Glúteo,Quadríceps · glúteo máximo · isquiotibiais,agachamento,maquina,leg press
de0144a5-36de-42ae-8541-1bfc27d667d2,Encolhimento com Halteres,Trapézio,Trapézio superior · elevador da escápula,encolhimento,halteres,em pé
4e5b8db8-6778-47a1-a15a-3e94e8a21713,Mergulho (Tríceps),Tríceps,Tríceps · peitoral inferior · deltoide anterior,mergulho,peso_corporal,nas paralelas
21e1db91-de3b-4f98-bdc2-7eb5e0ee02af,Tríceps Coice com Halter,Tríceps,Tríceps (cabeças lateral e longa),triceps_extensao,halteres,"coice, tronco inclinado"
4bc6d7ff-3d35-43a0-ae52-3faf8722ce23,Tríceps Corda na Polia,Tríceps,Tríceps (cabeças lateral e medial),triceps_extensao,polia,corda
45f56d80-a211-4c4d-b46d-52d066e4b5c0,Tríceps Francês Unilateral na Polia Baixa,Tríceps,Tríceps (cabeça longa),triceps_frances,polia,"unilateral, acima da cabeça"
3ee805c7-8279-4dba-9411-02c2bb7cbe22,Tríceps Francês com Halter,Tríceps,Tríceps (cabeça longa),triceps_frances,halteres,"sentado, acima da cabeça"
3f6e172a-9b35-4f8c-ad22-ddd942d7d667,Tríceps Pulley,Tríceps,Tríceps (cabeças lateral e medial),triceps_extensao,polia,barra reta
c7016a9d-1af3-4238-929f-adae75005ce6,Tríceps Testa,Tríceps,Tríceps (cabeça longa e lateral),triceps_frances,barra,deitado (testa)
